boss,boss_image_reference,region,tier,chunks
Giant mole,Giant_Mole,Asgarnia,early-game,"chunk_15_29, chunk_23_25, chunk_24_25, chunk_12_27, chunk_6_28, chunk_6_29, chunk_7_28, chunk_7_29, chunk_8_28, chunk_8_29, chunk_9_27, chunk_9_28, chunk_9_29, chunk_9_30, chunk_9_31, chunk_10_27, chunk_10_28, chunk_10_29, chunk_10_30, chunk_10_31, chunk_11_28, chunk_11_29, chunk_11_30, chunk_11_31, chunk_12_28, chunk_12_29, chunk_12_30, chunk_12_31, chunk_13_28, chunk_13_29, chunk_13_30, chunk_13_31, chunk_14_28, chunk_14_29, chunk_14_30, chunk_14_31, chunk_15_30, chunk_15_31, chunk_16_30"
Royal titans,Royal_titans,Asgarnia,early-game,"chunk_15_29, chunk_23_25, chunk_24_25, chunk_12_27, chunk_6_28, chunk_6_29, chunk_7_28, chunk_7_29, chunk_8_28, chunk_8_29, chunk_9_27, chunk_9_28, chunk_9_29, chunk_9_30, chunk_9_31, chunk_10_27, chunk_10_28, chunk_10_29, chunk_10_30, chunk_10_31, chunk_11_28, chunk_11_29, chunk_11_30, chunk_11_31, chunk_12_28, chunk_12_29, chunk_12_30, chunk_12_31, chunk_13_28, chunk_13_29, chunk_13_30, chunk_13_31, chunk_14_28, chunk_14_29, chunk_14_30, chunk_14_31, chunk_15_30, chunk_15_31, chunk_16_30"
Commander zilyana,Commander_Zilyana,Asgarnia,late-game,"chunk_15_29, chunk_23_25, chunk_24_25, chunk_12_27, chunk_6_28, chunk_6_29, chunk_7_28, chunk_7_29, chunk_8_28, chunk_8_29, chunk_9_27, chunk_9_28, chunk_9_29, chunk_9_30, chunk_9_31, chunk_10_27, chunk_10_28, chunk_10_29, chunk_10_30, chunk_10_31, chunk_11_28, chunk_11_29, chunk_11_30, chunk_11_31, chunk_12_28, chunk_12_29, chunk_12_30, chunk_12_31, chunk_13_28, chunk_13_29, chunk_13_30, chunk_13_31, chunk_14_28, chunk_14_29, chunk_14_30, chunk_14_31, chunk_15_30, chunk_15_31, chunk_16_30"
General graardor,General_Graardor,Asgarnia,late-game,"chunk_15_29, chunk_23_25, chunk_24_25, chunk_12_27, chunk_6_28, chunk_6_29, chunk_7_28, chunk_7_29, chunk_8_28, chunk_8_29, chunk_9_27, chunk_9_28, chunk_9_29, chunk_9_30, chunk_9_31, chunk_10_27, chunk_10_28, chunk_10_29, chunk_10_30, chunk_10_31, chunk_11_28, chunk_11_29, chunk_11_30, chunk_11_31, chunk_12_28, chunk_12_29, chunk_12_30, chunk_12_31, chunk_13_28, chunk_13_29, chunk_13_30, chunk_13_31, chunk_14_28, chunk_14_29, chunk_14_30, chunk_14_31, chunk_15_30, chunk_15_31, chunk_16_30"
K'ril tsutsaroth,Kril_Tsutsaroth,Asgarnia,late-game,"chunk_15_29, chunk_23_25, chunk_24_25, chunk_12_27, chunk_6_28, chunk_6_29, chunk_7_28, chunk_7_29, chunk_8_28, chunk_8_29, chunk_9_27, chunk_9_28, chunk_9_29, chunk_9_30, chunk_9_31, chunk_10_27, chunk_10_28, chunk_10_29, chunk_10_30, chunk_10_31, chunk_11_28, chunk_11_29, chunk_11_30, chunk_11_31, chunk_12_28, chunk_12_29, chunk_12_30, chunk_12_31, chunk_13_28, chunk_13_29, chunk_13_30, chunk_13_31, chunk_14_28, chunk_14_29, chunk_14_30, chunk_14_31, chunk_15_30, chunk_15_31, chunk_16_30"
Kree'arra,Kree_arra,Asgarnia,late-game,"chunk_15_29, chunk_23_25, chunk_24_25, chunk_12_27, chunk_6_28, chunk_6_29, chunk_7_28, chunk_7_29, chunk_8_28, chunk_8_29, chunk_9_27, chunk_9_28, chunk_9_29, chunk_9_30, chunk_9_31, chunk_10_27, chunk_10_28, chunk_10_29, chunk_10_30, chunk_10_31, chunk_11_28, chunk_11_29, chunk_11_30, chunk_11_31, chunk_12_28, chunk_12_29, chunk_12_30, chunk_12_31, chunk_13_28, chunk_13_29, chunk_13_30, chunk_13_31, chunk_14_28, chunk_14_29, chunk_14_30, chunk_14_31, chunk_15_30, chunk_15_31, chunk_16_30"
Whisperer,The_Whisperer,Asgarnia,late-game,"chunk_15_29, chunk_23_25, chunk_24_25, chunk_12_27, chunk_6_28, chunk_6_29, chunk_7_28, chunk_7_29, chunk_8_28, chunk_8_29, chunk_9_27, chunk_9_28, chunk_9_29, chunk_9_30, chunk_9_31, chunk_10_27, chunk_10_28, chunk_10_29, chunk_10_30, chunk_10_31, chunk_11_28, chunk_11_29, chunk_11_30, chunk_11_31, chunk_12_28, chunk_12_29, chunk_12_30, chunk_12_31, chunk_13_28, chunk_13_29, chunk_13_30, chunk_13_31, chunk_14_28, chunk_14_29, chunk_14_30, chunk_14_31, chunk_15_30, chunk_15_31, chunk_16_30"
Tempoross,Tempoross,Desert,introductory,"chunk_21_30, chunk_21_32, chunk_19_32, chunk_21_31, chunk_19_31, chunk_20_30, chunk_13_35, chunk_13_36, chunk_13_37, chunk_14_35, chunk_14_36, chunk_14_37, chunk_15_35, chunk_15_36, chunk_15_37, chunk_15_38, chunk_16_34, chunk_16_35, chunk_16_36, chunk_16_37, chunk_16_38, chunk_17_33, chunk_17_34, chunk_17_35, chunk_17_36, chunk_17_37, chunk_17_38, chunk_18_33, chunk_18_34, chunk_18_35, chunk_18_36, chunk_18_37, chunk_18_38, chunk_18_39, chunk_19_33, chunk_19_34, chunk_19_35, chunk_19_36, chunk_19_37, chunk_19_38, chunk_20_31, chunk_20_32, chunk_20_33, chunk_20_34, chunk_20_35, chunk_20_36, chunk_20_37, chunk_21_33, chunk_21_34, chunk_21_35, chunk_21_36, chunk_21_37, chunk_22_33, chunk_22_34, chunk_22_35, chunk_22_36, chunk_22_37, chunk_23_33, chunk_23_34, chunk_23_35, chunk_23_36"
Kalphite queen,Kalphite_Queen,Desert,mid-game,"chunk_21_30, chunk_21_32, chunk_19_32, chunk_21_31, chunk_19_31, chunk_20_30, chunk_13_35, chunk_13_36, chunk_13_37, chunk_14_35, chunk_14_36, chunk_14_37, chunk_15_35, chunk_15_36, chunk_15_37, chunk_15_38, chunk_16_34, chunk_16_35, chunk_16_36, chunk_16_37, chunk_16_38, chunk_17_33, chunk_17_34, chunk_17_35, chunk_17_36, chunk_17_37, chunk_17_38, chunk_18_33, chunk_18_34, chunk_18_35, chunk_18_36, chunk_18_37, chunk_18_38, chunk_18_39, chunk_19_33, chunk_19_34, chunk_19_35, chunk_19_36, chunk_19_37, chunk_19_38, chunk_20_31, chunk_20_32, chunk_20_33, chunk_20_34, chunk_20_35, chunk_20_36, chunk_20_37, chunk_21_33, chunk_21_34, chunk_21_35, chunk_21_36, chunk_21_37, chunk_22_33, chunk_22_34, chunk_22_35, chunk_22_36, chunk_22_37, chunk_23_33, chunk_23_34, chunk_23_35, chunk_23_36"
Tumeken's warden,Tombs_of_Amascut,Desert,late-game,"chunk_21_30, chunk_21_32, chunk_19_32, chunk_21_31, chunk_19_31, chunk_20_30, chunk_13_35, chunk_13_36, chunk_13_37, chunk_14_35, chunk_14_36, chunk_14_37, chunk_15_35, chunk_15_36, chunk_15_37, chunk_15_38, chunk_16_34, chunk_16_35, chunk_16_36, chunk_16_37, chunk_16_38, chunk_17_33, chunk_17_34, chunk_17_35, chunk_17_36, chunk_17_37, chunk_17_38, chunk_18_33, chunk_18_34, chunk_18_35, chunk_18_36, chunk_18_37, chunk_18_38, chunk_18_39, chunk_19_33, chunk_19_34, chunk_19_35, chunk_19_36, chunk_19_37, chunk_19_38, chunk_20_31, chunk_20_32, chunk_20_33, chunk_20_34, chunk_20_35, chunk_20_36, chunk_20_37, chunk_21_33, chunk_21_34, chunk_21_35, chunk_21_36, chunk_21_37, chunk_22_33, chunk_22_34, chunk_22_35, chunk_22_36, chunk_22_37, chunk_23_33, chunk_23_34, chunk_23_35, chunk_23_36"
Dummy region,Dummy,Dummy,introductory,"chunk_2_31, chunk_2_32, chunk_2_30, chunk_2_33, chunk_2_34, chunk_2_35, chunk_2_36, chunk_2_37, chunk_7_37, chunk_6_37, chunk_5_37, chunk_4_37, chunk_3_37, chunk_2_29, chunk_2_28, chunk_21_30, chunk_19_40, chunk_8_40, chunk_18_40, chunk_17_40, chunk_8_38, chunk_8_39, chunk_15_42, chunk_14_42, chunk_19_42, chunk_3_25, chunk_3_24, chunk_19_44, chunk_18_44, chunk_17_44, chunk_19_41, chunk_6_22, chunk_8_22, chunk_7_22, chunk_16_13, chunk_11_6, chunk_6_20, chunk_6_21, chunk_18_20, chunk_20_20, chunk_18_19, chunk_18_16, chunk_19_16, chunk_20_16, chunk_21_20, chunk_18_20, chunk_18_39, chunk_20_30, chunk_21_32, chunk_19_32, chunk_21_31, chunk_19_31"
Dagannoth kings,Dagannoth_Kings,Fremennik,early-game,"chunk_1_19, chunk_2_22, chunk_3_16, chunk_3_17, chunk_4_17, chunk_5_18, chunk_4_16, chunk_2_29, chunk_2_28, chunk_3_25, chunk_3_24, chunk_6_22, chunk_8_22, chunk_7_22, chunk_3_27, chunk_3_28, chunk_3_29, chunk_4_20, chunk_4_21, chunk_4_22, chunk_4_23, chunk_4_24, chunk_4_25, chunk_4_26, chunk_4_27, chunk_4_28, chunk_4_29, chunk_5_20, chunk_5_21, chunk_5_22, chunk_5_23, chunk_5_24, chunk_5_25, chunk_5_26, chunk_5_27, chunk_5_28, chunk_5_29, chunk_6_20, chunk_6_21, chunk_6_23, chunk_6_24, chunk_6_25, chunk_6_26, chunk_6_27, chunk_7_23, chunk_7_24, chunk_7_25, chunk_7_26, chunk_7_27, chunk_8_23, chunk_8_24, chunk_8_25, chunk_8_26, chunk_8_27"
Vorkath,Vorkath,Fremennik,mid-game,"chunk_1_19, chunk_2_22, chunk_3_16, chunk_3_17, chunk_4_17, chunk_5_18, chunk_4_16, chunk_2_29, chunk_2_28, chunk_3_25, chunk_3_24, chunk_6_22, chunk_8_22, chunk_7_22, chunk_3_27, chunk_3_28, chunk_3_29, chunk_4_20, chunk_4_21, chunk_4_22, chunk_4_23, chunk_4_24, chunk_4_25, chunk_4_26, chunk_4_27, chunk_4_28, chunk_4_29, chunk_5_20, chunk_5_21, chunk_5_22, chunk_5_23, chunk_5_24, chunk_5_25, chunk_5_26, chunk_5_27, chunk_5_28, chunk_5_29, chunk_6_20, chunk_6_21, chunk_6_23, chunk_6_24, chunk_6_25, chunk_6_26, chunk_6_27, chunk_7_23, chunk_7_24, chunk_7_25, chunk_7_26, chunk_7_27, chunk_8_23, chunk_8_24, chunk_8_25, chunk_8_26, chunk_8_27"
Phantom muspah,Phantom_Muspah,Fremennik,late-game,"chunk_1_19, chunk_2_22, chunk_3_16, chunk_3_17, chunk_4_17, chunk_5_18, chunk_4_16, chunk_2_29, chunk_2_28, chunk_3_25, chunk_3_24, chunk_6_22, chunk_8_22, chunk_7_22, chunk_3_27, chunk_3_28, chunk_3_29, chunk_4_20, chunk_4_21, chunk_4_22, chunk_4_23, chunk_4_24, chunk_4_25, chunk_4_26, chunk_4_27, chunk_4_28, chunk_4_29, chunk_5_20, chunk_5_21, chunk_5_22, chunk_5_23, chunk_5_24, chunk_5_25, chunk_5_26, chunk_5_27, chunk_5_28, chunk_5_29, chunk_6_20, chunk_6_21, chunk_6_23, chunk_6_24, chunk_6_25, chunk_6_26, chunk_6_27, chunk_7_23, chunk_7_24, chunk_7_25, chunk_7_26, chunk_7_27, chunk_8_23, chunk_8_24, chunk_8_25, chunk_8_26, chunk_8_27"
Duke sucellus,Duke_Sucellus,Fremennik,late-game,"chunk_1_19, chunk_2_22, chunk_3_16, chunk_3_17, chunk_4_17, chunk_5_18, chunk_4_16, chunk_2_29, chunk_2_28, chunk_3_25, chunk_3_24, chunk_6_22, chunk_8_22, chunk_7_22, chunk_3_27, chunk_3_28, chunk_3_29, chunk_4_20, chunk_4_21, chunk_4_22, chunk_4_23, chunk_4_24, chunk_4_25, chunk_4_26, chunk_4_27, chunk_4_28, chunk_4_29, chunk_5_20, chunk_5_21, chunk_5_22, chunk_5_23, chunk_5_24, chunk_5_25, chunk_5_26, chunk_5_27, chunk_5_28, chunk_5_29, chunk_6_20, chunk_6_21, chunk_6_23, chunk_6_24, chunk_6_25, chunk_6_26, chunk_6_27, chunk_7_23, chunk_7_24, chunk_7_25, chunk_7_26, chunk_7_27, chunk_8_23, chunk_8_24, chunk_8_25, chunk_8_26, chunk_8_27"
Tztok-jad,TzTok-Jad,Karamja,mid-game,"chunk_14_26, chunk_14_27, chunk_14_28, chunk_15_26, chunk_15_27, chunk_15_28, chunk_15_29, chunk_15_30, chunk_16_27, chunk_16_28, chunk_16_29, chunk_16_30, chunk_17_27, chunk_17_28, chunk_17_29, chunk_17_30, chunk_18_27, chunk_18_28, chunk_18_29, chunk_18_30, chunk_19_27, chunk_19_28, chunk_19_29, chunk_19_30"
Tzkal-zuk,TzKal-Zuk,Karamja,end-game,"chunk_14_26, chunk_14_27, chunk_14_28, chunk_15_26, chunk_15_27, chunk_15_28, chunk_15_29, chunk_15_30, chunk_16_27, chunk_16_28, chunk_16_29, chunk_16_30, chunk_17_27, chunk_17_28, chunk_17_29, chunk_17_30, chunk_18_27, chunk_18_28, chunk_18_29, chunk_18_30, chunk_19_27, chunk_19_28, chunk_19_29, chunk_19_30"
Kandarin region,Kandarin,Kandarin,introductory,"chunk_12_21, chunk_17_25, chunk_9_27, chunk_7_20, chunk_8_19, chunk_8_20, chunk_8_21, chunk_9_19, chunk_10_28, chunk_9_20, chunk_9_21, chunk_10_19, chunk_10_20, chunk_10_21, chunk_11_21, chunk_11_22, chunk_11_23, chunk_11_24, chunk_8_27, chunk_8_26, chunk_8_25, chunk_11_25, chunk_11_26, chunk_11_27, chunk_11_28, chunk_12_23, chunk_12_24, chunk_12_25, chunk_12_26, chunk_12_27, chunk_10_27, chunk_8_23, chunk_7_19, chunk_21_26, chunk_21_27, chunk_22_26, chunk_22_27, chunk_22_29, chunk_18_25, chunk_14_23, chunk_13_23, chunk_13_24, chunk_13_25, chunk_13_26, chunk_13_27, chunk_14_25, chunk_16_24, chunk_16_25, chunk_10_25, chunk_19_22, chunk_19_23, chunk_15_25, chunk_18_24, chunk_18_23, chunk_18_22, chunk_16_21, chunk_17_21, chunk_17_24, chunk_17_23, chunk_16_22, chunk_17_22, chunk_17_20, chunk_10_22, chunk_10_23, chunk_10_24, chunk_20_23, chunk_9_22, chunk_9_23, chunk_9_24, chunk_12_22, chunk_13_22, chunk_14_22, chunk_20_24, chunk_19_24, chunk_10_26, chunk_20_22, chunk_15_22, chunk_16_23, chunk_15_23, chunk_15_24, chunk_9_26, chunk_9_25, chunk_14_24, "
Wintertodt,Wintertodt,Kourend,introductory,"chunk_1_8, chunk_1_9, chunk_1_10, chunk_2_7, chunk_2_8, chunk_2_9, chunk_2_10, chunk_2_11, chunk_3_6, chunk_3_7, chunk_3_8, chunk_3_9, chunk_3_10, chunk_3_11, chunk_3_12, chunk_3_13, chunk_4_4, chunk_4_5, chunk_4_6, chunk_4_7, chunk_4_8, chunk_4_9, chunk_4_10, chunk_4_11, chunk_4_12, chunk_4_13, chunk_5_2, chunk_5_3, chunk_5_4, chunk_5_5, chunk_5_6, chunk_5_7, chunk_5_8, chunk_5_9, chunk_5_10, chunk_5_11, chunk_5_12, chunk_5_13, chunk_6_2, chunk_6_3, chunk_6_4, chunk_6_5, chunk_6_6, chunk_6_7, chunk_6_8, chunk_6_9, chunk_6_10, chunk_6_11, chunk_6_12, chunk_7_2, chunk_7_3, chunk_7_4, chunk_7_5, chunk_7_6, chunk_7_7, chunk_7_8, chunk_7_9, chunk_7_10, chunk_7_11, chunk_7_12, chunk_8_2, chunk_8_3, chunk_8_4, chunk_8_5, chunk_8_6, chunk_8_7, chunk_8_8, chunk_8_9, chunk_8_10, chunk_8_11, chunk_8_12, chunk_9_2, chunk_9_3, chunk_9_4, chunk_9_5, chunk_9_6, chunk_9_7, chunk_9_8, chunk_9_9, chunk_9_10, chunk_9_11, chunk_9_12, chunk_9_13, chunk_10_2, chunk_10_3, chunk_10_4, chunk_10_5, chunk_10_6, chunk_10_7, chunk_10_8, chunk_10_9, chunk_10_10, chunk_10_11, chunk_10_12, chunk_10_13, chunk_11_7, chunk_11_8, chunk_11_9, chunk_11_10, chunk_11_11, chunk_11_12"
Hespori,Hespori,Kourend,mid-game,"chunk_1_8, chunk_1_9, chunk_1_10, chunk_2_7, chunk_2_8, chunk_2_9, chunk_2_10, chunk_2_11, chunk_3_6, chunk_3_7, chunk_3_8, chunk_3_9, chunk_3_10, chunk_3_11, chunk_3_12, chunk_3_13, chunk_4_4, chunk_4_5, chunk_4_6, chunk_4_7, chunk_4_8, chunk_4_9, chunk_4_10, chunk_4_11, chunk_4_12, chunk_4_13, chunk_5_2, chunk_5_3, chunk_5_4, chunk_5_5, chunk_5_6, chunk_5_7, chunk_5_8, chunk_5_9, chunk_5_10, chunk_5_11, chunk_5_12, chunk_5_13, chunk_6_2, chunk_6_3, chunk_6_4, chunk_6_5, chunk_6_6, chunk_6_7, chunk_6_8, chunk_6_9, chunk_6_10, chunk_6_11, chunk_6_12, chunk_7_2, chunk_7_3, chunk_7_4, chunk_7_5, chunk_7_6, chunk_7_7, chunk_7_8, chunk_7_9, chunk_7_10, chunk_7_11, chunk_7_12, chunk_8_2, chunk_8_3, chunk_8_4, chunk_8_5, chunk_8_6, chunk_8_7, chunk_8_8, chunk_8_9, chunk_8_10, chunk_8_11, chunk_8_12, chunk_9_2, chunk_9_3, chunk_9_4, chunk_9_5, chunk_9_6, chunk_9_7, chunk_9_8, chunk_9_9, chunk_9_10, chunk_9_11, chunk_9_12, chunk_9_13, chunk_10_2, chunk_10_3, chunk_10_4, chunk_10_5, chunk_10_6, chunk_10_7, chunk_10_8, chunk_10_9, chunk_10_10, chunk_10_11, chunk_10_12, chunk_10_13, chunk_11_7, chunk_11_8, chunk_11_9, chunk_11_10, chunk_11_11, chunk_11_12"
Sarachnis,Sarachnis,Kourend,mid-game,"chunk_1_8, chunk_1_9, chunk_1_10, chunk_2_7, chunk_2_8, chunk_2_9, chunk_2_10, chunk_2_11, chunk_3_6, chunk_3_7, chunk_3_8, chunk_3_9, chunk_3_10, chunk_3_11, chunk_3_12, chunk_3_13, chunk_4_4, chunk_4_5, chunk_4_6, chunk_4_7, chunk_4_8, chunk_4_9, chunk_4_10, chunk_4_11, chunk_4_12, chunk_4_13, chunk_5_2, chunk_5_3, chunk_5_4, chunk_5_5, chunk_5_6, chunk_5_7, chunk_5_8, chunk_5_9, chunk_5_10, chunk_5_11, chunk_5_12, chunk_5_13, chunk_6_2, chunk_6_3, chunk_6_4, chunk_6_5, chunk_6_6, chunk_6_7, chunk_6_8, chunk_6_9, chunk_6_10, chunk_6_11, chunk_6_12, chunk_7_2, chunk_7_3, chunk_7_4, chunk_7_5, chunk_7_6, chunk_7_7, chunk_7_8, chunk_7_9, chunk_7_10, chunk_7_11, chunk_7_12, chunk_8_2, chunk_8_3, chunk_8_4, chunk_8_5, chunk_8_6, chunk_8_7, chunk_8_8, chunk_8_9, chunk_8_10, chunk_8_11, chunk_8_12, chunk_9_2, chunk_9_3, chunk_9_4, chunk_9_5, chunk_9_6, chunk_9_7, chunk_9_8, chunk_9_9, chunk_9_10, chunk_9_11, chunk_9_12, chunk_9_13, chunk_10_2, chunk_10_3, chunk_10_4, chunk_10_5, chunk_10_6, chunk_10_7, chunk_10_8, chunk_10_9, chunk_10_10, chunk_10_11, chunk_10_12, chunk_10_13, chunk_11_7, chunk_11_8, chunk_11_9, chunk_11_10, chunk_11_11, chunk_11_12"
Skotizo,Skotizo,Kourend,mid-game,"chunk_1_8, chunk_1_9, chunk_1_10, chunk_2_7, chunk_2_8, chunk_2_9, chunk_2_10, chunk_2_11, chunk_3_6, chunk_3_7, chunk_3_8, chunk_3_9, chunk_3_10, chunk_3_11, chunk_3_12, chunk_3_13, chunk_4_4, chunk_4_5, chunk_4_6, chunk_4_7, chunk_4_8, chunk_4_9, chunk_4_10, chunk_4_11, chunk_4_12, chunk_4_13, chunk_5_2, chunk_5_3, chunk_5_4, chunk_5_5, chunk_5_6, chunk_5_7, chunk_5_8, chunk_5_9, chunk_5_10, chunk_5_11, chunk_5_12, chunk_5_13, chunk_6_2, chunk_6_3, chunk_6_4, chunk_6_5, chunk_6_6, chunk_6_7, chunk_6_8, chunk_6_9, chunk_6_10, chunk_6_11, chunk_6_12, chunk_7_2, chunk_7_3, chunk_7_4, chunk_7_5, chunk_7_6, chunk_7_7, chunk_7_8, chunk_7_9, chunk_7_10, chunk_7_11, chunk_7_12, chunk_8_2, chunk_8_3, chunk_8_4, chunk_8_5, chunk_8_6, chunk_8_7, chunk_8_8, chunk_8_9, chunk_8_10, chunk_8_11, chunk_8_12, chunk_9_2, chunk_9_3, chunk_9_4, chunk_9_5, chunk_9_6, chunk_9_7, chunk_9_8, chunk_9_9, chunk_9_10, chunk_9_11, chunk_9_12, chunk_9_13, chunk_10_2, chunk_10_3, chunk_10_4, chunk_10_5, chunk_10_6, chunk_10_7, chunk_10_8, chunk_10_9, chunk_10_10, chunk_10_11, chunk_10_12, chunk_10_13, chunk_11_7, chunk_11_8, chunk_11_9, chunk_11_10, chunk_11_11, chunk_11_12"
Great olm,Chambers_of_Xeric,Kourend,late-game,"chunk_1_8, chunk_1_9, chunk_1_10, chunk_2_7, chunk_2_8, chunk_2_9, chunk_2_10, chunk_2_11, chunk_3_6, chunk_3_7, chunk_3_8, chunk_3_9, chunk_3_10, chunk_3_11, chunk_3_12, chunk_3_13, chunk_4_4, chunk_4_5, chunk_4_6, chunk_4_7, chunk_4_8, chunk_4_9, chunk_4_10, chunk_4_11, chunk_4_12, chunk_4_13, chunk_5_2, chunk_5_3, chunk_5_4, chunk_5_5, chunk_5_6, chunk_5_7, chunk_5_8, chunk_5_9, chunk_5_10, chunk_5_11, chunk_5_12, chunk_5_13, chunk_6_2, chunk_6_3, chunk_6_4, chunk_6_5, chunk_6_6, chunk_6_7, chunk_6_8, chunk_6_9, chunk_6_10, chunk_6_11, chunk_6_12, chunk_7_2, chunk_7_3, chunk_7_4, chunk_7_5, chunk_7_6, chunk_7_7, chunk_7_8, chunk_7_9, chunk_7_10, chunk_7_11, chunk_7_12, chunk_8_2, chunk_8_3, chunk_8_4, chunk_8_5, chunk_8_6, chunk_8_7, chunk_8_8, chunk_8_9, chunk_8_10, chunk_8_11, chunk_8_12, chunk_9_2, chunk_9_3, chunk_9_4, chunk_9_5, chunk_9_6, chunk_9_7, chunk_9_8, chunk_9_9, chunk_9_10, chunk_9_11, chunk_9_12, chunk_9_13, chunk_10_2, chunk_10_3, chunk_10_4, chunk_10_5, chunk_10_6, chunk_10_7, chunk_10_8, chunk_10_9, chunk_10_10, chunk_10_11, chunk_10_12, chunk_10_13, chunk_11_7, chunk_11_8, chunk_11_9, chunk_11_10, chunk_11_11, chunk_11_12"
Yama,Yama,Kourend,end-game,"chunk_1_8, chunk_1_9, chunk_1_10, chunk_2_7, chunk_2_8, chunk_2_9, chunk_2_10, chunk_2_11, chunk_3_6, chunk_3_7, chunk_3_8, chunk_3_9, chunk_3_10, chunk_3_11, chunk_3_12, chunk_3_13, chunk_4_4, chunk_4_5, chunk_4_6, chunk_4_7, chunk_4_8, chunk_4_9, chunk_4_10, chunk_4_11, chunk_4_12, chunk_4_13, chunk_5_2, chunk_5_3, chunk_5_4, chunk_5_5, chunk_5_6, chunk_5_7, chunk_5_8, chunk_5_9, chunk_5_10, chunk_5_11, chunk_5_12, chunk_5_13, chunk_6_2, chunk_6_3, chunk_6_4, chunk_6_5, chunk_6_6, chunk_6_7, chunk_6_8, chunk_6_9, chunk_6_10, chunk_6_11, chunk_6_12, chunk_7_2, chunk_7_3, chunk_7_4, chunk_7_5, chunk_7_6, chunk_7_7, chunk_7_8, chunk_7_9, chunk_7_10, chunk_7_11, chunk_7_12, chunk_8_2, chunk_8_3, chunk_8_4, chunk_8_5, chunk_8_6, chunk_8_7, chunk_8_8, chunk_8_9, chunk_8_10, chunk_8_11, chunk_8_12, chunk_9_2, chunk_9_3, chunk_9_4, chunk_9_5, chunk_9_6, chunk_9_7, chunk_9_8, chunk_9_9, chunk_9_10, chunk_9_11, chunk_9_12, chunk_9_13, chunk_10_2, chunk_10_3, chunk_10_4, chunk_10_5, chunk_10_6, chunk_10_7, chunk_10_8, chunk_10_9, chunk_10_10, chunk_10_11, chunk_10_12, chunk_10_13, chunk_11_7, chunk_11_8, chunk_11_9, chunk_11_10, chunk_11_11, chunk_11_12"
Brutus,Brutus,Misthalin,introductory,"chunk_18_17, chunk_18_16, chunk_19_16, chunk_20_16, chunk_19_17, chunk_20_17, chunk_18_18, chunk_19_18, chunk_20_18, chunk_21_17, chunk_21_18, chunk_18_19, chunk_18_20, chunk_19_19, chunk_19_20, chunk_20_19, chunk_20_20, chunk_21_20, chunk_21_19, chunk_10_32, chunk_10_33, chunk_10_34, chunk_10_35, chunk_10_36, chunk_10_37, chunk_11_32, chunk_11_33, chunk_11_34, chunk_11_35, chunk_11_36, chunk_12_32, chunk_12_33, chunk_12_34, chunk_12_35, chunk_12_36, chunk_13_32, chunk_13_33, chunk_13_34, chunk_14_32, chunk_14_33, chunk_14_34, chunk_15_32, chunk_15_33, chunk_15_34"
Obor,Obor,Misthalin,introductory,"chunk_18_17, chunk_18_16, chunk_19_16, chunk_20_16, chunk_19_17, chunk_20_17, chunk_18_18, chunk_19_18, chunk_20_18, chunk_21_17, chunk_21_18, chunk_18_19, chunk_18_20, chunk_19_19, chunk_19_20, chunk_20_19, chunk_20_20, chunk_21_20, chunk_21_19, chunk_10_32, chunk_10_33, chunk_10_34, chunk_10_35, chunk_10_36, chunk_10_37, chunk_11_32, chunk_11_33, chunk_11_34, chunk_11_35, chunk_11_36, chunk_12_32, chunk_12_33, chunk_12_34, chunk_12_35, chunk_12_36, chunk_13_32, chunk_13_33, chunk_13_34, chunk_14_32, chunk_14_33, chunk_14_34, chunk_15_32, chunk_15_33, chunk_15_34"
Leviathan,The_Leviathan,Misthalin,late-game,"chunk_18_17, chunk_18_16, chunk_19_16, chunk_20_16, chunk_19_17, chunk_20_17, chunk_18_18, chunk_19_18, chunk_20_18, chunk_21_17, chunk_21_18, chunk_18_19, chunk_18_20, chunk_19_19, chunk_19_20, chunk_20_19, chunk_20_20, chunk_21_20, chunk_21_19, chunk_10_32, chunk_10_33, chunk_10_34, chunk_10_35, chunk_10_36, chunk_10_37, chunk_11_32, chunk_11_33, chunk_11_34, chunk_11_35, chunk_11_36, chunk_12_32, chunk_12_33, chunk_12_34, chunk_12_35, chunk_12_36, chunk_13_32, chunk_13_33, chunk_13_34, chunk_14_32, chunk_14_33, chunk_14_34, chunk_15_32, chunk_15_33, chunk_15_34"
Bryophyta,Bryophyta,Misthalin,introductory,"chunk_18_17, chunk_18_16, chunk_19_16, chunk_20_16, chunk_19_17, chunk_20_17, chunk_18_18, chunk_19_18, chunk_20_18, chunk_21_17, chunk_21_18, chunk_18_19, chunk_18_20, chunk_19_19, chunk_19_20, chunk_20_19, chunk_20_20, chunk_21_20, chunk_21_19, chunk_10_32, chunk_10_33, chunk_10_34, chunk_10_35, chunk_10_36, chunk_10_37, chunk_11_32, chunk_11_33, chunk_11_34, chunk_11_35, chunk_11_36, chunk_12_32, chunk_12_33, chunk_12_34, chunk_12_35, chunk_12_36, chunk_13_32, chunk_13_33, chunk_13_34, chunk_14_32, chunk_14_33, chunk_14_34, chunk_15_32, chunk_15_33, chunk_15_34"
Scurrius,Scurrius,Misthalin,introductory,"chunk_18_17, chunk_18_16, chunk_19_16, chunk_20_16, chunk_19_17, chunk_20_17, chunk_18_18, chunk_19_18, chunk_20_18, chunk_21_17, chunk_21_18, chunk_18_19, chunk_18_20, chunk_19_19, chunk_19_20, chunk_20_19, chunk_20_20, chunk_21_20, chunk_21_19, chunk_10_32, chunk_10_33, chunk_10_34, chunk_10_35, chunk_10_36, chunk_10_37, chunk_11_32, chunk_11_33, chunk_11_34, chunk_11_35, chunk_11_36, chunk_12_32, chunk_12_33, chunk_12_34, chunk_12_35, chunk_12_36, chunk_13_32, chunk_13_33, chunk_13_34, chunk_14_32, chunk_14_33, chunk_14_34, chunk_15_32, chunk_15_33, chunk_15_34"
Deranged archaeologist,Deranged_archaeologist,Misthalin,mid-game,"chunk_4_40, chunk_4_41, chunk_4_42, chunk_4_43, chunk_5_40, chunk_5_41, chunk_5_42, chunk_5_43, chunk_6_40, chunk_6_41, chunk_6_42, chunk_6_43, chunk_7_41, chunk_7_42, chunk_18_17, chunk_18_16, chunk_19_16, chunk_20_16, chunk_19_17, chunk_20_17, chunk_18_18, chunk_19_18, chunk_20_18, chunk_21_17, chunk_21_18, chunk_18_19, chunk_18_20, chunk_19_19, chunk_19_20, chunk_20_19, chunk_20_20, chunk_21_20, chunk_21_19, chunk_10_32, chunk_10_33, chunk_10_34, chunk_10_35, chunk_10_36, chunk_10_37, chunk_11_32, chunk_11_33, chunk_11_34, chunk_11_35, chunk_11_36, chunk_12_32, chunk_12_33, chunk_12_34, chunk_12_35, chunk_12_36, chunk_13_32, chunk_13_33, chunk_13_34, chunk_14_32, chunk_14_33, chunk_14_34, chunk_15_32, chunk_15_33, chunk_15_34"
Barrows,Barrows,Morytania,early-game,"chunk_8_40, chunk_18_40, chunk_17_40, chunk_8_38, chunk_8_39, chunk_17_41, chunk_19_42, chunk_19_40, chunk_18_41, chunk_19_41, chunk_17_42, chunk_18_42, chunk_18_42, chunk_19_44, chunk_20_43, chunk_17_43, chunk_18_43, chunk_19_43, chunk_18_44, chunk_17_44, chunk_8_37, chunk_9_37, chunk_9_38, chunk_9_39, chunk_9_40, chunk_9_41, chunk_10_37, chunk_10_38, chunk_10_39, chunk_10_40, chunk_10_41, chunk_11_37, chunk_11_38, chunk_11_39, chunk_11_40, chunk_11_41, chunk_11_42, chunk_12_37, chunk_12_38, chunk_12_39, chunk_12_40, chunk_12_41, chunk_12_42, chunk_13_37, chunk_13_38, chunk_13_39, chunk_13_40, chunk_13_41, chunk_13_42, chunk_14_37, chunk_14_38, chunk_14_39, chunk_14_40, chunk_14_41, chunk_14_42, chunk_15_38, chunk_15_39, chunk_15_40, chunk_15_41, chunk_15_42"
Verzik vitur,Theatre_of_Blood,Morytania,late-game,"chunk_8_40, chunk_17_41, chunk_19_42, chunk_18_40, chunk_17_40, chunk_8_38, chunk_8_39, chunk_19_40, chunk_18_41, chunk_19_41, chunk_17_42, chunk_18_42, chunk_18_42, chunk_19_44, chunk_20_43, chunk_17_43, chunk_18_43, chunk_19_43, chunk_18_44, chunk_17_44, chunk_8_37, chunk_9_37, chunk_9_38, chunk_9_39, chunk_9_40, chunk_9_41, chunk_10_37, chunk_10_38, chunk_10_39, chunk_10_40, chunk_10_41, chunk_11_37, chunk_11_38, chunk_11_39, chunk_11_40, chunk_11_41, chunk_11_42, chunk_12_37, chunk_12_38, chunk_12_39, chunk_12_40, chunk_12_41, chunk_12_42, chunk_13_37, chunk_13_38, chunk_13_39, chunk_13_40, chunk_13_41, chunk_13_42, chunk_14_37, chunk_14_38, chunk_14_39, chunk_14_40, chunk_14_41, chunk_14_42, chunk_15_38, chunk_15_39, chunk_15_40, chunk_15_41, chunk_15_42"
The nightmare,The_Nightmare,Morytania,end-game,"chunk_17_41, chunk_8_40, chunk_18_41, chunk_19_42, chunk_19_41, chunk_17_42, chunk_18_42, chunk_18_40, chunk_19_40, chunk_17_40, chunk_8_38, chunk_8_39, chunk_18_42, chunk_20_43, chunk_19_44, chunk_17_43, chunk_18_43, chunk_19_43, chunk_18_44, chunk_17_44, chunk_8_37, chunk_9_37, chunk_9_38, chunk_9_39, chunk_9_40, chunk_9_41, chunk_10_37, chunk_10_38, chunk_10_39, chunk_10_40, chunk_10_41, chunk_11_37, chunk_11_38, chunk_11_39, chunk_11_40, chunk_11_41, chunk_11_42, chunk_12_37, chunk_12_38, chunk_12_39, chunk_12_40, chunk_12_41, chunk_12_42, chunk_13_37, chunk_13_38, chunk_13_39, chunk_13_40, chunk_13_41, chunk_13_42, chunk_14_37, chunk_14_38, chunk_14_39, chunk_14_40, chunk_14_41, chunk_14_42, chunk_15_38, chunk_15_39, chunk_15_40, chunk_15_41, chunk_15_42"
Zalcano,Zalcano,Tirannwn,mid-game,"chunk_11_16, chunk_11_17, chunk_11_18, chunk_11_19, chunk_11_20, chunk_12_16, chunk_12_17, chunk_12_18, chunk_12_19, chunk_12_20, chunk_13_16, chunk_13_17, chunk_13_18, chunk_13_19, chunk_13_20, chunk_13_21, chunk_14_16, chunk_14_17, chunk_14_18, chunk_14_19, chunk_14_20, chunk_14_21, chunk_15_16, chunk_15_17, chunk_15_18, chunk_15_19, chunk_15_20, chunk_15_21, chunk_16_16, chunk_16_17, chunk_16_18, chunk_16_19, chunk_16_20, chunk_17_16, chunk_17_17, chunk_17_18, chunk_17_19"
Zulrah,Zulrah,Tirannwn,mid-game,"chunk_11_16, chunk_11_17, chunk_11_18, chunk_11_19, chunk_11_20, chunk_12_16, chunk_12_17, chunk_12_18, chunk_12_19, chunk_12_20, chunk_13_16, chunk_13_17, chunk_13_18, chunk_13_19, chunk_13_20, chunk_13_21, chunk_14_16, chunk_14_17, chunk_14_18, chunk_14_19, chunk_14_20, chunk_14_21, chunk_15_16, chunk_15_17, chunk_15_18, chunk_15_19, chunk_15_20, chunk_15_21, chunk_16_16, chunk_16_17, chunk_16_18, chunk_16_19, chunk_16_20, chunk_17_16, chunk_17_17, chunk_17_18, chunk_17_19"
Gauntlet,Crystalline_Hunllef,Tirannwn,late-game,"chunk_11_16, chunk_11_17, chunk_11_18, chunk_11_19, chunk_11_20, chunk_12_16, chunk_12_17, chunk_12_18, chunk_12_19, chunk_12_20, chunk_13_16, chunk_13_17, chunk_13_18, chunk_13_19, chunk_13_20, chunk_13_21, chunk_14_16, chunk_14_17, chunk_14_18, chunk_14_19, chunk_14_20, chunk_14_21, chunk_15_16, chunk_15_17, chunk_15_18, chunk_15_19, chunk_15_20, chunk_15_21, chunk_16_16, chunk_16_17, chunk_16_18, chunk_16_19, chunk_16_20, chunk_17_16, chunk_17_17, chunk_17_18, chunk_17_19"
Corrupted gauntlet,Corrupted_Hunllef,Tirannwn,late-game,"chunk_11_16, chunk_11_17, chunk_11_18, chunk_11_19, chunk_11_20, chunk_12_16, chunk_12_17, chunk_12_18, chunk_12_19, chunk_12_20, chunk_13_16, chunk_13_17, chunk_13_18, chunk_13_19, chunk_13_20, chunk_13_21, chunk_14_16, chunk_14_17, chunk_14_18, chunk_14_19, chunk_14_20, chunk_14_21, chunk_15_16, chunk_15_17, chunk_15_18, chunk_15_19, chunk_15_20, chunk_15_21, chunk_16_16, chunk_16_17, chunk_16_18, chunk_16_19, chunk_16_20, chunk_17_16, chunk_17_17, chunk_17_18, chunk_17_19"
Amoxliatl,Amoxliatl,Varlamore,mid-game,"chunk_11_6, chunk_11_1, chunk_11_2, chunk_11_3, chunk_11_4, chunk_11_5, chunk_12_1, chunk_12_2, chunk_12_3, chunk_12_4, chunk_12_5, chunk_12_6, chunk_12_7, chunk_12_8, chunk_13_1, chunk_13_2, chunk_13_3, chunk_13_4, chunk_13_5, chunk_13_6, chunk_13_7, chunk_13_8, chunk_13_9, chunk_13_10, chunk_14_2, chunk_14_3, chunk_14_4, chunk_14_5, chunk_14_6, chunk_14_7, chunk_14_8, chunk_14_9, chunk_14_10, chunk_15_2, chunk_15_3, chunk_15_4, chunk_15_5, chunk_15_6, chunk_15_7, chunk_15_8, chunk_15_9, chunk_15_10, chunk_15_11, chunk_15_12, chunk_16_2, chunk_16_3, chunk_16_4, chunk_16_5, chunk_16_6, chunk_16_7, chunk_16_8, chunk_16_9, chunk_16_10, chunk_16_11, chunk_16_12, chunk_16_13, chunk_17_3, chunk_17_4, chunk_17_5, chunk_17_6, chunk_17_7, chunk_17_8, chunk_17_9, chunk_17_10, chunk_17_11, chunk_17_12, chunk_18_3, chunk_18_4, chunk_18_5, chunk_18_6, chunk_18_7, chunk_18_8, chunk_18_9, chunk_18_10, chunk_18_11, chunk_19_4, chunk_19_5, chunk_19_6, chunk_19_7, chunk_19_8, chunk_19_9, chunk_19_10, chunk_19_11, chunk_20_5, chunk_20_6"
Hueycoatl,The_Hueycoatl,Varlamore,mid-game,"chunk_11_6, chunk_11_1, chunk_11_2, chunk_11_3, chunk_11_4, chunk_11_5, chunk_12_1, chunk_12_2, chunk_12_3, chunk_12_4, chunk_12_5, chunk_12_6, chunk_12_7, chunk_12_8, chunk_13_1, chunk_13_2, chunk_13_3, chunk_13_4, chunk_13_5, chunk_13_6, chunk_13_7, chunk_13_8, chunk_13_9, chunk_13_10, chunk_14_2, chunk_14_3, chunk_14_4, chunk_14_5, chunk_14_6, chunk_14_7, chunk_14_8, chunk_14_9, chunk_14_10, chunk_15_2, chunk_15_3, chunk_15_4, chunk_15_5, chunk_15_6, chunk_15_7, chunk_15_8, chunk_15_9, chunk_15_10, chunk_15_11, chunk_15_12, chunk_16_2, chunk_16_3, chunk_16_4, chunk_16_5, chunk_16_6, chunk_16_7, chunk_16_8, chunk_16_9, chunk_16_10, chunk_16_11, chunk_16_12, chunk_16_13, chunk_17_3, chunk_17_4, chunk_17_5, chunk_17_6, chunk_17_7, chunk_17_8, chunk_17_9, chunk_17_10, chunk_17_11, chunk_17_12, chunk_18_3, chunk_18_4, chunk_18_5, chunk_18_6, chunk_18_7, chunk_18_8, chunk_18_9, chunk_18_10, chunk_18_11, chunk_19_4, chunk_19_5, chunk_19_6, chunk_19_7, chunk_19_8, chunk_19_9, chunk_19_10, chunk_19_11, chunk_20_5, chunk_20_6"
Perilous moons,Moons_of_peril,Varlamore,mid-game,"chunk_11_6, chunk_11_1, chunk_11_2, chunk_11_3, chunk_11_4, chunk_11_5, chunk_12_1, chunk_12_2, chunk_12_3, chunk_12_4, chunk_12_5, chunk_12_6, chunk_12_7, chunk_12_8, chunk_13_1, chunk_13_2, chunk_13_3, chunk_13_4, chunk_13_5, chunk_13_6, chunk_13_7, chunk_13_8, chunk_13_9, chunk_13_10, chunk_14_2, chunk_14_3, chunk_14_4, chunk_14_5, chunk_14_6, chunk_14_7, chunk_14_8, chunk_14_9, chunk_14_10, chunk_15_2, chunk_15_3, chunk_15_4, chunk_15_5, chunk_15_6, chunk_15_7, chunk_15_8, chunk_15_9, chunk_15_10, chunk_15_11, chunk_15_12, chunk_16_2, chunk_16_3, chunk_16_4, chunk_16_5, chunk_16_6, chunk_16_7, chunk_16_8, chunk_16_9, chunk_16_10, chunk_16_11, chunk_16_12, chunk_16_13, chunk_17_3, chunk_17_4, chunk_17_5, chunk_17_6, chunk_17_7, chunk_17_8, chunk_17_9, chunk_17_10, chunk_17_11, chunk_17_12, chunk_18_3, chunk_18_4, chunk_18_5, chunk_18_6, chunk_18_7, chunk_18_8, chunk_18_9, chunk_18_10, chunk_18_11, chunk_19_4, chunk_19_5, chunk_19_6, chunk_19_7, chunk_19_8, chunk_19_9, chunk_19_10, chunk_19_11, chunk_20_5, chunk_20_6"
Vardorvis,Vardorvis,Varlamore,late-game,"chunk_11_6, chunk_11_1, chunk_11_2, chunk_11_3, chunk_11_4, chunk_11_5, chunk_12_1, chunk_12_2, chunk_12_3, chunk_12_4, chunk_12_5, chunk_12_6, chunk_12_7, chunk_12_8, chunk_13_1, chunk_13_2, chunk_13_3, chunk_13_4, chunk_13_5, chunk_13_6, chunk_13_7, chunk_13_8, chunk_13_9, chunk_13_10, chunk_14_2, chunk_14_3, chunk_14_4, chunk_14_5, chunk_14_6, chunk_14_7, chunk_14_8, chunk_14_9, chunk_14_10, chunk_15_2, chunk_15_3, chunk_15_4, chunk_15_5, chunk_15_6, chunk_15_7, chunk_15_8, chunk_15_9, chunk_15_10, chunk_15_11, chunk_15_12, chunk_16_2, chunk_16_3, chunk_16_4, chunk_16_5, chunk_16_6, chunk_16_7, chunk_16_8, chunk_16_9, chunk_16_10, chunk_16_11, chunk_16_12, chunk_16_13, chunk_17_3, chunk_17_4, chunk_17_5, chunk_17_6, chunk_17_7, chunk_17_8, chunk_17_9, chunk_17_10, chunk_17_11, chunk_17_12, chunk_18_3, chunk_18_4, chunk_18_5, chunk_18_6, chunk_18_7, chunk_18_8, chunk_18_9, chunk_18_10, chunk_18_11, chunk_19_4, chunk_19_5, chunk_19_6, chunk_19_7, chunk_19_8, chunk_19_9, chunk_19_10, chunk_19_11, chunk_20_5, chunk_20_6"
Doom of mokhiaotl,Doom_of_Mokhaiotl,Varlamore,end-game,"chunk_11_6, chunk_11_1, chunk_11_2, chunk_11_3, chunk_11_4, chunk_11_5, chunk_12_1, chunk_12_2, chunk_12_3, chunk_12_4, chunk_12_5, chunk_12_6, chunk_12_7, chunk_12_8, chunk_13_1, chunk_13_2, chunk_13_3, chunk_13_4, chunk_13_5, chunk_13_6, chunk_13_7, chunk_13_8, chunk_13_9, chunk_13_10, chunk_14_2, chunk_14_3, chunk_14_4, chunk_14_5, chunk_14_6, chunk_14_7, chunk_14_8, chunk_14_9, chunk_14_10, chunk_15_2, chunk_15_3, chunk_15_4, chunk_15_5, chunk_15_6, chunk_15_7, chunk_15_8, chunk_15_9, chunk_15_10, chunk_15_11, chunk_15_12, chunk_16_2, chunk_16_3, chunk_16_4, chunk_16_5, chunk_16_6, chunk_16_7, chunk_16_8, chunk_16_9, chunk_16_10, chunk_16_11, chunk_16_12, chunk_16_13, chunk_17_3, chunk_17_4, chunk_17_5, chunk_17_6, chunk_17_7, chunk_17_8, chunk_17_9, chunk_17_10, chunk_17_11, chunk_17_12, chunk_18_3, chunk_18_4, chunk_18_5, chunk_18_6, chunk_18_7, chunk_18_8, chunk_18_9, chunk_18_10, chunk_18_11, chunk_19_4, chunk_19_5, chunk_19_6, chunk_19_7, chunk_19_8, chunk_19_9, chunk_19_10, chunk_19_11, chunk_20_5, chunk_20_6"
Sol heredit,Fortis_Colosseum,Varlamore,end-game,"chunk_11_6, chunk_11_1, chunk_11_2, chunk_11_3, chunk_11_4, chunk_11_5, chunk_12_1, chunk_12_2, chunk_12_3, chunk_12_4, chunk_12_5, chunk_12_6, chunk_12_7, chunk_12_8, chunk_13_1, chunk_13_2, chunk_13_3, chunk_13_4, chunk_13_5, chunk_13_6, chunk_13_7, chunk_13_8, chunk_13_9, chunk_13_10, chunk_14_2, chunk_14_3, chunk_14_4, chunk_14_5, chunk_14_6, chunk_14_7, chunk_14_8, chunk_14_9, chunk_14_10, chunk_15_2, chunk_15_3, chunk_15_4, chunk_15_5, chunk_15_6, chunk_15_7, chunk_15_8, chunk_15_9, chunk_15_10, chunk_15_11, chunk_15_12, chunk_16_2, chunk_16_3, chunk_16_4, chunk_16_5, chunk_16_6, chunk_16_7, chunk_16_8, chunk_16_9, chunk_16_10, chunk_16_11, chunk_16_12, chunk_16_13, chunk_17_3, chunk_17_4, chunk_17_5, chunk_17_6, chunk_17_7, chunk_17_8, chunk_17_9, chunk_17_10, chunk_17_11, chunk_17_12, chunk_18_3, chunk_18_4, chunk_18_5, chunk_18_6, chunk_18_7, chunk_18_8, chunk_18_9, chunk_18_10, chunk_18_11, chunk_19_4, chunk_19_5, chunk_19_6, chunk_19_7, chunk_19_8, chunk_19_9, chunk_19_10, chunk_19_11, chunk_20_5, chunk_20_6"
Crazy archaeologist,Crazy_archaeologist,Wilderness,early-game,"chunk_2_32, chunk_2_30, chunk_2_33, chunk_2_34, chunk_2_35, chunk_2_36, chunk_2_37, chunk_7_37, chunk_6_37, chunk_5_37, chunk_4_37, chunk_3_37, chunk_2_31, chunk_3_30, chunk_3_31, chunk_3_32, chunk_3_33, chunk_3_34, chunk_3_35, chunk_3_36, chunk_4_30, chunk_4_31, chunk_4_32, chunk_4_33, chunk_4_34, chunk_4_35, chunk_4_36, chunk_5_30, chunk_5_31, chunk_5_32, chunk_5_33, chunk_5_34, chunk_5_35, chunk_5_36, chunk_6_30, chunk_6_31, chunk_6_32, chunk_6_33, chunk_6_34, chunk_6_35, chunk_6_36, chunk_7_30, chunk_7_31, chunk_7_32, chunk_7_33, chunk_7_34, chunk_7_35, chunk_7_36, chunk_8_30, chunk_8_31, chunk_8_32, chunk_8_33, chunk_8_34, chunk_8_35, chunk_8_36, chunk_9_30, chunk_9_31, chunk_9_32, chunk_9_33, chunk_9_34, chunk_9_35, chunk_9_36"
Chaos fanatic,Chaos_Fanatic,Wilderness,early-game,"chunk_2_32, chunk_2_30, chunk_2_33, chunk_2_34, chunk_2_35, chunk_2_36, chunk_2_37, chunk_7_37, chunk_6_37, chunk_5_37, chunk_4_37, chunk_3_37, chunk_2_31, chunk_3_30, chunk_3_31, chunk_3_32, chunk_3_33, chunk_3_34, chunk_3_35, chunk_3_36, chunk_4_30, chunk_4_31, chunk_4_32, chunk_4_33, chunk_4_34, chunk_4_35, chunk_4_36, chunk_5_30, chunk_5_31, chunk_5_32, chunk_5_33, chunk_5_34, chunk_5_35, chunk_5_36, chunk_6_30, chunk_6_31, chunk_6_32, chunk_6_33, chunk_6_34, chunk_6_35, chunk_6_36, chunk_7_30, chunk_7_31, chunk_7_32, chunk_7_33, chunk_7_34, chunk_7_35, chunk_7_36, chunk_8_30, chunk_8_31, chunk_8_32, chunk_8_33, chunk_8_34, chunk_8_35, chunk_8_36, chunk_9_30, chunk_9_31, chunk_9_32, chunk_9_33, chunk_9_34, chunk_9_35, chunk_9_36"
Chaos elemental,Chaos_Elemental,Wilderness,mid-game,"chunk_2_32, chunk_2_30, chunk_2_33, chunk_2_34, chunk_2_35, chunk_2_36, chunk_2_37, chunk_7_37, chunk_6_37, chunk_5_37, chunk_4_37, chunk_3_37, chunk_2_31, chunk_3_30, chunk_3_31, chunk_3_32, chunk_3_33, chunk_3_34, chunk_3_35, chunk_3_36, chunk_4_30, chunk_4_31, chunk_4_32, chunk_4_33, chunk_4_34, chunk_4_35, chunk_4_36, chunk_5_30, chunk_5_31, chunk_5_32, chunk_5_33, chunk_5_34, chunk_5_35, chunk_5_36, chunk_6_30, chunk_6_31, chunk_6_32, chunk_6_33, chunk_6_34, chunk_6_35, chunk_6_36, chunk_7_30, chunk_7_31, chunk_7_32, chunk_7_33, chunk_7_34, chunk_7_35, chunk_7_36, chunk_8_30, chunk_8_31, chunk_8_32, chunk_8_33, chunk_8_34, chunk_8_35, chunk_8_36, chunk_9_30, chunk_9_31, chunk_9_32, chunk_9_33, chunk_9_34, chunk_9_35, chunk_9_36"
Venenatis,Venenatis,Wilderness,mid-game,"chunk_2_32, chunk_2_30, chunk_2_33, chunk_2_34, chunk_2_35, chunk_2_36, chunk_2_37, chunk_7_37, chunk_6_37, chunk_5_37, chunk_4_37, chunk_3_37, chunk_2_31, chunk_3_30, chunk_3_31, chunk_3_32, chunk_3_33, chunk_3_34, chunk_3_35, chunk_3_36, chunk_4_30, chunk_4_31, chunk_4_32, chunk_4_33, chunk_4_34, chunk_4_35, chunk_4_36, chunk_5_30, chunk_5_31, chunk_5_32, chunk_5_33, chunk_5_34, chunk_5_35, chunk_5_36, chunk_6_30, chunk_6_31, chunk_6_32, chunk_6_33, chunk_6_34, chunk_6_35, chunk_6_36, chunk_7_30, chunk_7_31, chunk_7_32, chunk_7_33, chunk_7_34, chunk_7_35, chunk_7_36, chunk_8_30, chunk_8_31, chunk_8_32, chunk_8_33, chunk_8_34, chunk_8_35, chunk_8_36, chunk_9_30, chunk_9_31, chunk_9_32, chunk_9_33, chunk_9_34, chunk_9_35, chunk_9_36"
Vet'ion,Vetion,Wilderness,mid-game,"chunk_2_32, chunk_2_30, chunk_2_33, chunk_2_34, chunk_2_35, chunk_2_36, chunk_2_37, chunk_7_37, chunk_6_37, chunk_5_37, chunk_4_37, chunk_3_37, chunk_2_31, chunk_3_30, chunk_3_31, chunk_3_32, chunk_3_33, chunk_3_34, chunk_3_35, chunk_3_36, chunk_4_30, chunk_4_31, chunk_4_32, chunk_4_33, chunk_4_34, chunk_4_35, chunk_4_36, chunk_5_30, chunk_5_31, chunk_5_32, chunk_5_33, chunk_5_34, chunk_5_35, chunk_5_36, chunk_6_30, chunk_6_31, chunk_6_32, chunk_6_33, chunk_6_34, chunk_6_35, chunk_6_36, chunk_7_30, chunk_7_31, chunk_7_32, chunk_7_33, chunk_7_34, chunk_7_35, chunk_7_36, chunk_8_30, chunk_8_31, chunk_8_32, chunk_8_33, chunk_8_34, chunk_8_35, chunk_8_36, chunk_9_30, chunk_9_31, chunk_9_32, chunk_9_33, chunk_9_34, chunk_9_35, chunk_9_36"
King black dragon,King_Black_Dragon,Wilderness,mid-game,"chunk_2_32, chunk_2_30, chunk_2_33, chunk_2_34, chunk_2_35, chunk_2_36, chunk_2_37, chunk_7_37, chunk_6_37, chunk_5_37, chunk_4_37, chunk_3_37, chunk_2_31, chunk_3_30, chunk_3_31, chunk_3_32, chunk_3_33, chunk_3_34, chunk_3_35, chunk_3_36, chunk_4_30, chunk_4_31, chunk_4_32, chunk_4_33, chunk_4_34, chunk_4_35, chunk_4_36, chunk_5_30, chunk_5_31, chunk_5_32, chunk_5_33, chunk_5_34, chunk_5_35, chunk_5_36, chunk_6_30, chunk_6_31, chunk_6_32, chunk_6_33, chunk_6_34, chunk_6_35, chunk_6_36, chunk_7_30, chunk_7_31, chunk_7_32, chunk_7_33, chunk_7_34, chunk_7_35, chunk_7_36, chunk_8_30, chunk_8_31, chunk_8_32, chunk_8_33, chunk_8_34, chunk_8_35, chunk_8_36, chunk_9_30, chunk_9_31, chunk_9_32, chunk_9_33, chunk_9_34, chunk_9_35, chunk_9_36"
Scorpia,Scorpia,Wilderness,mid-game,"chunk_2_32, chunk_2_30, chunk_2_33, chunk_2_34, chunk_2_35, chunk_2_36, chunk_2_37, chunk_7_37, chunk_6_37, chunk_5_37, chunk_4_37, chunk_3_37, chunk_2_31, chunk_3_30, chunk_3_31, chunk_3_32, chunk_3_33, chunk_3_34, chunk_3_35, chunk_3_36, chunk_4_30, chunk_4_31, chunk_4_32, chunk_4_33, chunk_4_34, chunk_4_35, chunk_4_36, chunk_5_30, chunk_5_31, chunk_5_32, chunk_5_33, chunk_5_34, chunk_5_35, chunk_5_36, chunk_6_30, chunk_6_31, chunk_6_32, chunk_6_33, chunk_6_34, chunk_6_35, chunk_6_36, chunk_7_30, chunk_7_31, chunk_7_32, chunk_7_33, chunk_7_34, chunk_7_35, chunk_7_36, chunk_8_30, chunk_8_31, chunk_8_32, chunk_8_33, chunk_8_34, chunk_8_35, chunk_8_36, chunk_9_30, chunk_9_31, chunk_9_32, chunk_9_33, chunk_9_34, chunk_9_35, chunk_9_36"
Callisto,Callisto,Wilderness,mid-game,"chunk_2_32, chunk_2_30, chunk_2_33, chunk_2_34, chunk_2_35, chunk_2_36, chunk_2_37, chunk_7_37, chunk_6_37, chunk_5_37, chunk_4_37, chunk_3_37, chunk_2_31, chunk_3_30, chunk_3_31, chunk_3_32, chunk_3_33, chunk_3_34, chunk_3_35, chunk_3_36, chunk_4_30, chunk_4_31, chunk_4_32, chunk_4_33, chunk_4_34, chunk_4_35, chunk_4_36, chunk_5_30, chunk_5_31, chunk_5_32, chunk_5_33, chunk_5_34, chunk_5_35, chunk_5_36, chunk_6_30, chunk_6_31, chunk_6_32, chunk_6_33, chunk_6_34, chunk_6_35, chunk_6_36, chunk_7_30, chunk_7_31, chunk_7_32, chunk_7_33, chunk_7_34, chunk_7_35, chunk_7_36, chunk_8_30, chunk_8_31, chunk_8_32, chunk_8_33, chunk_8_34, chunk_8_35, chunk_8_36, chunk_9_30, chunk_9_31, chunk_9_32, chunk_9_33, chunk_9_34, chunk_9_35, chunk_9_36"
Corporeal beast,Corporeal_Beast,Wilderness,late-game,"chunk_2_32, chunk_2_30, chunk_2_33, chunk_2_34, chunk_2_35, chunk_2_36, chunk_2_37, chunk_7_37, chunk_6_37, chunk_5_37, chunk_4_37, chunk_3_37, chunk_2_31, chunk_3_30, chunk_3_31, chunk_3_32, chunk_3_33, chunk_3_34, chunk_3_35, chunk_3_36, chunk_4_30, chunk_4_31, chunk_4_32, chunk_4_33, chunk_4_34, chunk_4_35, chunk_4_36, chunk_5_30, chunk_5_31, chunk_5_32, chunk_5_33, chunk_5_34, chunk_5_35, chunk_5_36, chunk_6_30, chunk_6_31, chunk_6_32, chunk_6_33, chunk_6_34, chunk_6_35, chunk_6_36, chunk_7_30, chunk_7_31, chunk_7_32, chunk_7_33, chunk_7_34, chunk_7_35, chunk_7_36, chunk_8_30, chunk_8_31, chunk_8_32, chunk_8_33, chunk_8_34, chunk_8_35, chunk_8_36, chunk_9_30, chunk_9_31, chunk_9_32, chunk_9_33, chunk_9_34, chunk_9_35, chunk_9_36"